customer_id,full_name,email,city,signup_date
1,Ayse Taş,ayse.taş1@example.com,Istanbul,2026-01-29
2,Halim Ayhan,halim.ayhan2@example.com,Ankara,2024-05-22
3,Fatih Taş,fatih.taş3@example.com,KahramanMaraş,2026-01-28
4,Berk Efe,berk.efe4@example.com,Istanbul,2025-08-27
5,Fatmanur Uslu,fatmanur.uslu5@example.com,Istanbul,2024-04-05
6,Doğan Ayhan,doğan.ayhan6@example.com,Antalya,2025-09-08
7,Emir Efe,emir.efe7@example.com,Ankara,2026-01-03
8,Ayse Eren,ayse.eren8@example.com,Antalya,2025-03-05
9,Doğan Çakar,doğan.çakar9@example.com,Antalya,2024-10-11
10,Kerem Uslu,kerem.uslu10@example.com,Ankara,2025-12-15
11,Fatmanur Ermis,fatmanur.ermis11@example.com,Izmir,2024-06-08
12,Doğan Tas,doğan.tas12@example.com,Izmir,2024-04-14
13,Asli Sager,asli.sager13@example.com,Istanbul,2025-01-02
14,Selin Ermis,selin.ermis14@example.com,Antalya,2024-09-27
15,Kerem Uslu,kerem.uslu15@example.com,KahramanMaraş,2025-04-15
16,Ceyhun Taş,ceyhun.taş16@example.com,Bursa,2024-03-21
17,Ceyhun Günes,,KahramanMaraş,2025-09-25
18,Berk Ermis,berk.ermis18@example.com,Antalya,2024-07-15
19,Fatih Taş,fatih.taş19@example.com,Istanbul,2025-11-08
20,Doğan Tas,doğan.tas20@example.com,Izmir,2024-03-22
21,Selin Ayhan,selin.ayhan21@example.com,Istanbul,2025-01-24
22,Halim Çakar,halim.çakar22@example.com,KahramanMaraş,2026-05-04
23,Sinan Seker,sinan.seker23@example.com,Izmir,2024-12-29
24,Doğan Arpacik,doğan.arpacik24@example.com,Izmir,2025-12-19
25,Berk Arpacik,berk.arpacik25@example.com,KahramanMaraş,2024-03-14
26,Emirhan Arpacik,emirhan.arpacik26@example.com,Ankara,2025-06-30
27,Fatih Ayhan,fatih.ayhan27@example.com,Ankara,2025-04-18
28,Fatmanur Günes,fatmanur.günes28@example.com,KahramanMaraş,2025-12-05
29,Ceyhun Ayhan,ceyhun.ayhan29@example.com,KahramanMaraş,2024-11-28
30,Selin Tas,selin.tas30@example.com,Istanbul,2024-08-22
31,Selin Uslu,selin.uslu31@example.com,Izmir,2025-02-14
32,Halim Taş,halim.taş32@example.com,Ankara,2026-07-24
33,Emirhan Eren,emirhan.eren33@example.com,Izmir,2024-08-05
34,Ayse Çakar,,Bursa,2026-06-24
35,Berk Arpacik,berk.arpacik35@example.com,Bursa,2024-05-26
36,Halim Seker,halim.seker36@example.com,Ankara,2026-02-01
37,Ceyhun Efe,ceyhun.efe37@example.com,Izmir,2026-02-03
38,Emirhan Sager,emirhan.sager38@example.com,Antalya,2025-02-12
39,Sinan Ayhan,sinan.ayhan39@example.com,Ankara,2025-06-05
40,Elif Taş,elif.taş40@example.com,Istanbul,2026-05-31
41,Asli Seker,asli.seker41@example.com,KahramanMaraş,2024-06-12
42,Kerem Arpacik,kerem.arpacik42@example.com,Bursa,2025-09-02
43,Asli Sager,asli.sager43@example.com,Bursa,2025-09-02
44,Elif Efe,elif.efe44@example.com,Izmir,2025-07-20
45,Selin Uslu,selin.uslu45@example.com,KahramanMaraş,2026-01-08
46,Asli Arpacik,asli.arpacik46@example.com,Antalya,2026-02-07
47,Halim Tas,halim.tas47@example.com,KahramanMaraş,2024-12-14
48,Asli Günes,asli.günes48@example.com,Bursa,2024-06-10
49,Elif Uslu,elif.uslu49@example.com,KahramanMaraş,2026-06-15
50,Fatih Günes,fatih.günes50@example.com,Antalya,2026-02-19
51,Emre Efe,,Istanbul,2026-06-10
52,Ayse Günes,ayse.günes52@example.com,KahramanMaraş,2025-06-03
53,Emirhan Ayhan,emirhan.ayhan53@example.com,Ankara,2025-01-17
54,Kerem Seker,kerem.seker54@example.com,Antalya,2026-03-08
55,Berk Efe,berk.efe55@example.com,Istanbul,2025-09-05
56,Sinan Çakar,sinan.çakar56@example.com,Istanbul,2024-04-24
57,Berk Ermis,berk.ermis57@example.com,Izmir,2024-09-02
58,Emir Ayhan,emir.ayhan58@example.com,Antalya,2026-08-27
59,Asli Taş,asli.taş59@example.com,KahramanMaraş,2025-05-12
60,Selin Taş,selin.taş60@example.com,Antalya,2026-02-23
61,Emre Seker,emre.seker61@example.com,KahramanMaraş,2025-05-01
62,Ceyhun Seker,ceyhun.seker62@example.com,Izmir,2025-06-24
63,Selin Ülgü,selin.ülgü63@example.com,Bursa,2024-08-04
64,Berk Efe,berk.efe64@example.com,KahramanMaraş,2025-12-07
65,Doğan Eren,doğan.eren65@example.com,Izmir,2025-02-12
66,Ayse Arpacik,ayse.arpacik66@example.com,Izmir,2025-03-24
67,Berk Efe,berk.efe67@example.com,Bursa,2024-05-03
68,Doğan Ayhan,,Istanbul,2024-12-12
69,Emir Ülgü,emir.ülgü69@example.com,Antalya,2024-08-23
70,Emirhan Ayhan,emirhan.ayhan70@example.com,Istanbul,2024-03-13
71,Fatih Arpacik,fatih.arpacik71@example.com,Istanbul,2024-08-22
72,Asli Uslu,asli.uslu72@example.com,Izmir,2024-03-13
73,Ceyhun Ayhan,ceyhun.ayhan73@example.com,Izmir,2025-11-16
74,Elif Ayhan,elif.ayhan74@example.com,Antalya,2024-05-15
75,Fatih Ülgü,fatih.ülgü75@example.com,Antalya,2025-04-29
76,Doğan Tas,doğan.tas76@example.com,Bursa,2026-04-06
77,Fatmanur Ayhan,fatmanur.ayhan77@example.com,Istanbul,2024-04-09
78,Ayse Sager,ayse.sager78@example.com,Izmir,2025-03-09
79,Fatmanur Çakar,fatmanur.çakar79@example.com,KahramanMaraş,2024-02-25
80,Ayse Arpacik,ayse.arpacik80@example.com,KahramanMaraş,2024-04-10
81,Emir Sager,emir.sager81@example.com,KahramanMaraş,2024-12-13
82,Kerem Taş,kerem.taş82@example.com,Ankara,2024-07-15
83,Doğan Efe,doğan.efe83@example.com,Bursa,2024-05-23
84,Fatmanur Seker,fatmanur.seker84@example.com,Izmir,2025-04-18
85,Doğan Taş,,Bursa,2026-04-07
86,Selin Efe,selin.efe86@example.com,Istanbul,2024-02-21
87,Ayse Efe,ayse.efe87@example.com,Istanbul,2024-04-05
88,Berk Tas,berk.tas88@example.com,Ankara,2024-06-19
89,Fatmanur Çakar,fatmanur.çakar89@example.com,Bursa,2024-08-06
90,Selin Sager,selin.sager90@example.com,Istanbul,2024-06-17
91,Fatmanur Uslu,fatmanur.uslu91@example.com,Bursa,2024-09-28
92,Berk Tas,berk.tas92@example.com,Bursa,2024-10-19
93,Fatmanur Eren,fatmanur.eren93@example.com,KahramanMaraş,2026-03-13
94,Ceyhun Arpacik,ceyhun.arpacik94@example.com,KahramanMaraş,2025-05-13
95,Emre Ayhan,emre.ayhan95@example.com,Izmir,2024-08-10
96,Emir Ülgü,emir.ülgü96@example.com,KahramanMaraş,2025-07-09
97,Emir Eren,emir.eren97@example.com,Izmir,2024-02-28
98,Emir Ülgü,emir.ülgü98@example.com,Bursa,2025-05-29
99,Berk Efe,berk.efe99@example.com,Ankara,2024-02-28
100,Ceyhun Taş,ceyhun.taş100@example.com,Ankara,2024-03-11
101,Emirhan Taş,emirhan.taş101@example.com,KahramanMaraş,2026-06-01
102,Doğan Sager,,Istanbul,2026-08-22
103,Berk Ülgü,berk.ülgü103@example.com,Ankara,2025-08-15
104,Emirhan Uslu,emirhan.uslu104@example.com,Antalya,2024-03-24
105,Fatmanur Arpacik,fatmanur.arpacik105@example.com,Antalya,2025-08-01
106,Ceyhun Ermis,ceyhun.ermis106@example.com,Izmir,2024-07-28
107,Ayse Eren,ayse.eren107@example.com,Izmir,2024-09-01
108,Halim Sager,halim.sager108@example.com,Ankara,2025-11-18
109,Ayse Günes,ayse.günes109@example.com,Bursa,2024-11-19
110,Berk Tas,berk.tas110@example.com,Istanbul,2024-01-10
111,Elif Ülgü,elif.ülgü111@example.com,Antalya,2024-04-12
112,Asli Efe,asli.efe112@example.com,Ankara,2025-06-02
113,Halim Seker,halim.seker113@example.com,Izmir,2026-06-21
114,Asli Ayhan,asli.ayhan114@example.com,Izmir,2024-10-18
115,Emre Çakar,emre.çakar115@example.com,Antalya,2025-12-21
116,Halim Ülgü,halim.ülgü116@example.com,KahramanMaraş,2025-06-25
117,Emir Arpacik,emir.arpacik117@example.com,Antalya,2024-11-02
118,Berk Arpacik,berk.arpacik118@example.com,Istanbul,2026-08-19
119,Berk Seker,,Izmir,2024-04-28
120,Berk Taş,berk.taş120@example.com,KahramanMaraş,2025-07-20
121,Emre Günes,emre.günes121@example.com,Izmir,2025-09-11
122,Doğan Eren,doğan.eren122@example.com,Izmir,2024-07-27
123,Ayse Arpacik,ayse.arpacik123@example.com,Izmir,2025-06-01
124,Elif Günes,elif.günes124@example.com,Istanbul,2024-04-04
125,Ayse Sager,ayse.sager125@example.com,Izmir,2024-02-15
126,Emir Ermis,emir.ermis126@example.com,Ankara,2025-10-14
127,Halim Seker,halim.seker127@example.com,KahramanMaraş,2025-03-28
128,Ceyhun Eren,ceyhun.eren128@example.com,Bursa,2025-07-28
129,Emir Taş,emir.taş129@example.com,Istanbul,2026-08-25
130,Berk Eren,berk.eren130@example.com,Ankara,2025-07-12
131,Emir Ermis,emir.ermis131@example.com,Antalya,2025-07-19
132,Emre Sager,emre.sager132@example.com,Ankara,2024-02-12
133,Halim Ermis,halim.ermis133@example.com,Istanbul,2026-07-09
134,Sinan Ayhan,sinan.ayhan134@example.com,KahramanMaraş,2024-09-12
135,Ayse Taş,ayse.taş135@example.com,Izmir,2026-03-09
136,Ceyhun Sager,,Antalya,2026-02-06
137,Emre Ayhan,emre.ayhan137@example.com,Ankara,2026-03-30
138,Kerem Seker,kerem.seker138@example.com,Bursa,2024-01-26
139,Emre Eren,emre.eren139@example.com,Izmir,2026-03-12
140,Berk Sager,berk.sager140@example.com,KahramanMaraş,2026-06-03
141,Fatih Tas,fatih.tas141@example.com,Ankara,2024-09-30
142,Emre Tas,emre.tas142@example.com,KahramanMaraş,2024-04-20
143,Fatmanur Uslu,fatmanur.uslu143@example.com,Bursa,2024-08-15
144,Doğan Çakar,doğan.çakar144@example.com,Izmir,2024-11-08
145,Selin Tas,selin.tas145@example.com,Ankara,2024-08-16
146,Emir Arpacik,emir.arpacik146@example.com,Ankara,2025-02-12
147,Sinan Günes,sinan.günes147@example.com,Istanbul,2026-03-02
148,Halim Ermis,halim.ermis148@example.com,KahramanMaraş,2025-06-05
149,Fatmanur Arpacik,fatmanur.arpacik149@example.com,Antalya,2024-12-05
150,Emir Taş,emir.taş150@example.com,Izmir,2024-07-01
151,Emirhan Günes,emirhan.günes151@example.com,Istanbul,2024-04-21
152,Emirhan Sager,emirhan.sager152@example.com,Izmir,2026-01-16
153,Kerem Ermis,,Bursa,2025-09-12
154,Ceyhun Taş,ceyhun.taş154@example.com,Bursa,2026-07-10
155,Emirhan Ayhan,emirhan.ayhan155@example.com,Izmir,2024-02-15
156,Fatih Sager,fatih.sager156@example.com,Istanbul,2025-06-16
157,Berk Tas,berk.tas157@example.com,Antalya,2025-12-04
158,Fatih Eren,fatih.eren158@example.com,KahramanMaraş,2025-11-17
159,Doğan Ermis,doğan.ermis159@example.com,Bursa,2024-03-12
160,Ayse Ermis,ayse.ermis160@example.com,Antalya,2024-11-17
161,Ayse Taş,ayse.taş161@example.com,KahramanMaraş,2026-07-10
162,Halim Efe,halim.efe162@example.com,Izmir,2025-11-13
163,Fatmanur Ermis,fatmanur.ermis163@example.com,Bursa,2025-12-14
164,Halim Efe,halim.efe164@example.com,Ankara,2024-07-15
165,Fatmanur Arpacik,fatmanur.arpacik165@example.com,Bursa,2025-11-24
166,Fatih Seker,fatih.seker166@example.com,Antalya,2025-08-05
167,Halim Sager,halim.sager167@example.com,Antalya,2026-05-03
168,Emir Günes,emir.günes168@example.com,Izmir,2024-08-03
169,Fatmanur Tas,fatmanur.tas169@example.com,Antalya,2025-09-13
170,Ayse Ermis,,Bursa,2025-03-28
171,Elif Arpacik,elif.arpacik171@example.com,Ankara,2025-06-07
172,Elif Tas,elif.tas172@example.com,KahramanMaraş,2024-06-22
173,Ayse Taş,ayse.taş173@example.com,Izmir,2025-06-11
174,Ayse Arpacik,ayse.arpacik174@example.com,Antalya,2024-12-09
175,Asli Tas,asli.tas175@example.com,Ankara,2025-11-19
176,Halim Ayhan,halim.ayhan176@example.com,Ankara,2024-05-30
177,Emir Uslu,emir.uslu177@example.com,Ankara,2025-05-01
178,Emirhan Tas,emirhan.tas178@example.com,Istanbul,2025-04-11
179,Fatmanur Arpacik,fatmanur.arpacik179@example.com,Antalya,2024-07-18
180,Fatih Eren,fatih.eren180@example.com,Bursa,2025-05-21
181,Fatmanur Ayhan,fatmanur.ayhan181@example.com,Ankara,2025-11-02
182,Fatih Uslu,fatih.uslu182@example.com,Istanbul,2026-03-08
183,Fatmanur Ayhan,fatmanur.ayhan183@example.com,Ankara,2026-04-03
184,Fatih Efe,fatih.efe184@example.com,Bursa,2024-02-21
185,Ceyhun Ayhan,ceyhun.ayhan185@example.com,Istanbul,2025-04-12
186,Emre Tas,emre.tas186@example.com,Bursa,2025-11-14
187,Ceyhun Efe,,Antalya,2024-11-20
188,Kerem Çakar,kerem.çakar188@example.com,Antalya,2026-04-14
189,Fatih Efe,fatih.efe189@example.com,Bursa,2026-04-30
190,Berk Efe,berk.efe190@example.com,Bursa,2026-07-07
191,Emre Eren,emre.eren191@example.com,Bursa,2025-04-05
192,Halim Tas,halim.tas192@example.com,Ankara,2026-05-10
193,Ayse Günes,ayse.günes193@example.com,Antalya,2025-05-11
194,Ayse Ayhan,ayse.ayhan194@example.com,Izmir,2025-03-26
195,Asli Eren,asli.eren195@example.com,Izmir,2024-08-28
196,Halim Ermis,halim.ermis196@example.com,Izmir,2026-07-03
197,Ceyhun Taş,ceyhun.taş197@example.com,Ankara,2024-06-03
198,Doğan Sager,doğan.sager198@example.com,KahramanMaraş,2024-06-05
199,Fatih Ayhan,fatih.ayhan199@example.com,Istanbul,2025-02-28
200,Fatmanur Ermis,fatmanur.ermis200@example.com,Antalya,2025-04-22
201,Fatmanur Uslu,fatmanur.uslu201@example.com,Ankara,2026-05-02
202,Fatmanur Sager,fatmanur.sager202@example.com,Antalya,2026-08-26
203,Fatih Uslu,fatih.uslu203@example.com,Antalya,2025-01-24
204,Elif Uslu,,Izmir,2024-11-01
205,Kerem Sager,kerem.sager205@example.com,Bursa,2025-07-05
206,Fatih Eren,fatih.eren206@example.com,Antalya,2026-03-30
207,Emirhan Ayhan,emirhan.ayhan207@example.com,Bursa,2024-08-12
208,Halim Sager,halim.sager208@example.com,Bursa,2024-01-30
209,Fatmanur Ermis,fatmanur.ermis209@example.com,KahramanMaraş,2025-11-26
210,Kerem Sager,kerem.sager210@example.com,KahramanMaraş,2024-06-18
211,Selin Çakar,selin.çakar211@example.com,Ankara,2025-09-29
212,Ceyhun Uslu,ceyhun.uslu212@example.com,Bursa,2025-08-29
213,Emirhan Arpacik,emirhan.arpacik213@example.com,Istanbul,2024-03-26
214,Ayse Sager,ayse.sager214@example.com,Ankara,2026-06-06
215,Elif Seker,elif.seker215@example.com,Istanbul,2024-09-23
216,Fatmanur Ermis,fatmanur.ermis216@example.com,Ankara,2025-04-10
217,Sinan Ermis,sinan.ermis217@example.com,Bursa,2024-10-11
218,Kerem Sager,kerem.sager218@example.com,Izmir,2026-05-04
219,Asli Çakar,asli.çakar219@example.com,Istanbul,2026-02-06
220,Ceyhun Uslu,ceyhun.uslu220@example.com,Izmir,2024-08-17
221,Ayse Taş,,KahramanMaraş,2024-02-11
222,Kerem Uslu,kerem.uslu222@example.com,Ankara,2024-07-23
223,Selin Uslu,selin.uslu223@example.com,Antalya,2024-06-05
224,Doğan Seker,doğan.seker224@example.com,Bursa,2025-11-16
225,Asli Ülgü,asli.ülgü225@example.com,Ankara,2025-04-21
226,Fatih Günes,fatih.günes226@example.com,Izmir,2024-06-20
227,Emirhan Ülgü,emirhan.ülgü227@example.com,KahramanMaraş,2026-01-05
228,Asli Tas,asli.tas228@example.com,Ankara,2024-11-14
229,Asli Ülgü,asli.ülgü229@example.com,Istanbul,2026-08-09
230,Halim Ülgü,halim.ülgü230@example.com,KahramanMaraş,2026-07-18
231,Fatmanur Sager,fatmanur.sager231@example.com,KahramanMaraş,2024-07-22
232,Asli Ülgü,asli.ülgü232@example.com,KahramanMaraş,2026-04-30
233,Ayse Ayhan,ayse.ayhan233@example.com,Istanbul,2025-12-14
234,Kerem Günes,kerem.günes234@example.com,KahramanMaraş,2025-09-06
235,Kerem Taş,kerem.taş235@example.com,Antalya,2026-03-12
236,Emir Ermis,emir.ermis236@example.com,Antalya,2025-03-14
237,Ayse Ermis,ayse.ermis237@example.com,Istanbul,2025-06-02
238,Ayse Ermis,,Istanbul,2026-05-19
239,Fatmanur Çakar,fatmanur.çakar239@example.com,Istanbul,2025-03-19
240,Sinan Arpacik,sinan.arpacik240@example.com,Bursa,2025-12-25
241,Emre Sager,emre.sager241@example.com,Ankara,2026-01-21
242,Ceyhun Arpacik,ceyhun.arpacik242@example.com,Izmir,2025-09-22
243,Kerem Efe,kerem.efe243@example.com,Bursa,2025-04-21
244,Fatmanur Eren,fatmanur.eren244@example.com,Antalya,2024-10-01
245,Sinan Ayhan,sinan.ayhan245@example.com,Istanbul,2024-10-12
246,Berk Çakar,berk.çakar246@example.com,Ankara,2026-02-07
247,Elif Ülgü,elif.ülgü247@example.com,Antalya,2025-11-15
248,Fatmanur Ermis,fatmanur.ermis248@example.com,Istanbul,2025-05-21
249,Selin Ermis,selin.ermis249@example.com,Ankara,2025-05-14
250,Doğan Ermis,doğan.ermis250@example.com,Izmir,2024-12-14
251,Halim Ülgü,halim.ülgü251@example.com,KahramanMaraş,2026-06-20
252,Halim Efe,halim.efe252@example.com,Istanbul,2025-06-13
253,Doğan Taş,doğan.taş253@example.com,Ankara,2026-01-07
254,Fatmanur Çakar,fatmanur.çakar254@example.com,Antalya,2026-02-15
255,Doğan Eren,,Bursa,2025-10-23
256,Fatih Çakar,fatih.çakar256@example.com,Bursa,2026-03-22
257,Emir Taş,emir.taş257@example.com,Izmir,2024-08-14
258,Fatmanur Eren,fatmanur.eren258@example.com,Ankara,2024-11-09
259,Ayse Ülgü,ayse.ülgü259@example.com,Izmir,2025-04-29
260,Ceyhun Efe,ceyhun.efe260@example.com,Izmir,2025-03-11
261,Fatih Efe,fatih.efe261@example.com,Izmir,2024-12-26
262,Fatih Çakar,fatih.çakar262@example.com,Izmir,2024-11-09
263,Halim Ayhan,halim.ayhan263@example.com,Istanbul,2026-01-08
264,Doğan Ermis,doğan.ermis264@example.com,Istanbul,2026-01-30
265,Ceyhun Tas,ceyhun.tas265@example.com,KahramanMaraş,2024-07-08
266,Doğan Ayhan,doğan.ayhan266@example.com,KahramanMaraş,2025-05-10
267,Halim Eren,halim.eren267@example.com,Antalya,2026-02-17
268,Ceyhun Ülgü,ceyhun.ülgü268@example.com,Izmir,2024-04-12
269,Selin Ayhan,selin.ayhan269@example.com,Izmir,2024-08-20
270,Sinan Seker,sinan.seker270@example.com,Izmir,2024-01-15
271,Fatih Efe,fatih.efe271@example.com,Ankara,2024-10-07
272,Emir Uslu,,Antalya,2024-10-26
273,Fatih Seker,fatih.seker273@example.com,KahramanMaraş,2026-06-08
274,Kerem Çakar,kerem.çakar274@example.com,Istanbul,2026-06-12
275,Emir Ülgü,emir.ülgü275@example.com,Izmir,2025-04-25
276,Elif Çakar,elif.çakar276@example.com,Izmir,2024-07-07
277,Emir Günes,emir.günes277@example.com,Bursa,2024-04-26
278,Selin Taş,selin.taş278@example.com,Bursa,2025-05-18
279,Asli Ülgü,asli.ülgü279@example.com,KahramanMaraş,2025-12-03
280,Emir Seker,emir.seker280@example.com,Ankara,2026-04-10
281,Emirhan Günes,emirhan.günes281@example.com,Istanbul,2024-09-11
282,Asli Efe,asli.efe282@example.com,Bursa,2025-09-12
283,Emirhan Tas,emirhan.tas283@example.com,Antalya,2024-08-19
284,Kerem Efe,kerem.efe284@example.com,Bursa,2025-04-06
285,Berk Çakar,berk.çakar285@example.com,Izmir,2026-05-30
286,Emirhan Sager,emirhan.sager286@example.com,Izmir,2025-08-05
287,Emirhan Uslu,emirhan.uslu287@example.com,Antalya,2026-01-27
288,Asli Tas,asli.tas288@example.com,Ankara,2025-10-02
289,Doğan Günes,,KahramanMaraş,2024-03-24
290,Emre Ayhan,emre.ayhan290@example.com,Ankara,2025-07-19
291,Asli Seker,asli.seker291@example.com,Istanbul,2025-02-22
292,Elif Eren,elif.eren292@example.com,Antalya,2025-04-26
293,Halim Uslu,halim.uslu293@example.com,Ankara,2024-10-22
294,Fatih Günes,fatih.günes294@example.com,KahramanMaraş,2026-05-30
295,Elif Taş,elif.taş295@example.com,KahramanMaraş,2024-08-27
296,Berk Günes,berk.günes296@example.com,KahramanMaraş,2025-08-26
297,Ayse Tas,ayse.tas297@example.com,Ankara,2025-03-11
298,Asli Efe,asli.efe298@example.com,Ankara,2025-10-25
299,Emre Günes,emre.günes299@example.com,Ankara,2024-03-14
300,Emir Seker,emir.seker300@example.com,Izmir,2025-09-01
301,Fatih Ülgü,fatih.ülgü301@example.com,Izmir,2025-03-25
302,Asli Çakar,asli.çakar302@example.com,KahramanMaraş,2024-11-07
303,Fatih Sager,fatih.sager303@example.com,Izmir,2025-05-27
304,Ceyhun Çakar,ceyhun.çakar304@example.com,Bursa,2024-03-23
305,Emirhan Uslu,emirhan.uslu305@example.com,Bursa,2026-01-22
306,Sinan Ülgü,,Izmir,2024-01-27
307,Asli Ayhan,asli.ayhan307@example.com,KahramanMaraş,2026-05-06
308,Selin Ülgü,selin.ülgü308@example.com,Antalya,2026-08-31
309,Emir Tas,emir.tas309@example.com,KahramanMaraş,2026-04-21
310,Halim Ülgü,halim.ülgü310@example.com,Istanbul,2026-02-20
311,Kerem Seker,kerem.seker311@example.com,Bursa,2025-06-15
312,Ayse Çakar,ayse.çakar312@example.com,Izmir,2024-07-04
313,Emirhan Sager,emirhan.sager313@example.com,KahramanMaraş,2026-04-13
314,Elif Taş,elif.taş314@example.com,Bursa,2024-12-22
315,Fatmanur Ermis,fatmanur.ermis315@example.com,Izmir,2025-11-17
316,Asli Seker,asli.seker316@example.com,Izmir,2025-02-25
317,Fatih Çakar,fatih.çakar317@example.com,Izmir,2025-11-09
318,Fatmanur Tas,fatmanur.tas318@example.com,Antalya,2024-02-07
319,Elif Taş,elif.taş319@example.com,Izmir,2024-09-15
320,Sinan Taş,sinan.taş320@example.com,Bursa,2026-06-04
321,Ceyhun Uslu,ceyhun.uslu321@example.com,KahramanMaraş,2026-06-09
322,Ceyhun Çakar,ceyhun.çakar322@example.com,Bursa,2024-02-25
323,Doğan Efe,,Izmir,2025-09-29
324,Kerem Çakar,kerem.çakar324@example.com,KahramanMaraş,2025-03-28
325,Kerem Uslu,kerem.uslu325@example.com,Ankara,2024-09-30
326,Ceyhun Seker,ceyhun.seker326@example.com,Izmir,2025-03-24
327,Berk Eren,berk.eren327@example.com,Bursa,2024-05-04
328,Emir Arpacik,emir.arpacik328@example.com,Antalya,2026-03-29
329,Doğan Eren,doğan.eren329@example.com,Ankara,2024-11-14
330,Ceyhun Uslu,ceyhun.uslu330@example.com,Antalya,2025-02-21
331,Asli Ayhan,asli.ayhan331@example.com,Istanbul,2025-04-17
332,Asli Arpacik,asli.arpacik332@example.com,Ankara,2025-05-25
333,Berk Eren,berk.eren333@example.com,Izmir,2025-06-05
334,Fatih Günes,fatih.günes334@example.com,Bursa,2026-05-04
335,Elif Çakar,elif.çakar335@example.com,Ankara,2025-04-12
336,Ceyhun Seker,ceyhun.seker336@example.com,Bursa,2024-07-14
337,Berk Ülgü,berk.ülgü337@example.com,Antalya,2026-02-03
338,Berk Seker,berk.seker338@example.com,Istanbul,2024-10-09
339,Kerem Tas,kerem.tas339@example.com,Bursa,2024-12-14
340,Berk Tas,,Antalya,2024-09-30
341,Selin Uslu,selin.uslu341@example.com,Izmir,2026-01-13
342,Halim Ülgü,halim.ülgü342@example.com,Antalya,2025-11-06
343,Elif Seker,elif.seker343@example.com,Bursa,2025-07-05
344,Elif Ermis,elif.ermis344@example.com,Izmir,2025-07-19
345,Kerem Efe,kerem.efe345@example.com,Bursa,2025-04-11
346,Berk Ermis,berk.ermis346@example.com,Ankara,2025-12-15
347,Doğan Ülgü,doğan.ülgü347@example.com,Bursa,2024-08-27
348,Selin Tas,selin.tas348@example.com,Bursa,2024-02-14
349,Sinan Eren,sinan.eren349@example.com,Bursa,2025-12-23
350,Berk Tas,berk.tas350@example.com,Bursa,2025-01-30
351,Ayse Tas,ayse.tas351@example.com,KahramanMaraş,2024-06-04
352,Elif Uslu,elif.uslu352@example.com,Ankara,2025-05-29
353,Emirhan Ermis,emirhan.ermis353@example.com,Istanbul,2026-06-14
354,Selin Çakar,selin.çakar354@example.com,Istanbul,2025-06-22
355,Berk Çakar,berk.çakar355@example.com,Istanbul,2026-01-09
356,Emre Sager,emre.sager356@example.com,KahramanMaraş,2024-06-07
357,Asli Çakar,,Izmir,2024-12-12
358,Emirhan Eren,emirhan.eren358@example.com,Bursa,2025-10-27
359,Asli Ermis,asli.ermis359@example.com,KahramanMaraş,2026-05-29
360,Ceyhun Sager,ceyhun.sager360@example.com,Izmir,2025-10-03
361,Fatih Tas,fatih.tas361@example.com,Bursa,2026-06-12
362,Ceyhun Uslu,ceyhun.uslu362@example.com,Antalya,2024-03-11
363,Doğan Arpacik,doğan.arpacik363@example.com,KahramanMaraş,2026-08-01
364,Halim Ayhan,halim.ayhan364@example.com,KahramanMaraş,2024-04-02
365,Fatmanur Taş,fatmanur.taş365@example.com,KahramanMaraş,2025-12-21
366,Selin Taş,selin.taş366@example.com,Bursa,2024-06-19
367,Fatih Günes,fatih.günes367@example.com,Istanbul,2024-02-17
368,Sinan Tas,sinan.tas368@example.com,Istanbul,2024-10-27
369,Sinan Ermis,sinan.ermis369@example.com,Bursa,2024-05-29
370,Doğan Efe,doğan.efe370@example.com,Bursa,2025-08-02
371,Ayse Tas,ayse.tas371@example.com,Ankara,2024-06-23
372,Emre Taş,emre.taş372@example.com,Antalya,2026-06-10
373,Fatmanur Ülgü,fatmanur.ülgü373@example.com,KahramanMaraş,2024-09-03
374,Elif Ülgü,,Ankara,2024-08-25
375,Elif Arpacik,elif.arpacik375@example.com,Izmir,2025-04-15
376,Halim Arpacik,halim.arpacik376@example.com,Istanbul,2026-07-09
377,Kerem Çakar,kerem.çakar377@example.com,Izmir,2025-11-24
378,Ceyhun Seker,ceyhun.seker378@example.com,Istanbul,2025-03-28
379,Sinan Ülgü,sinan.ülgü379@example.com,Izmir,2025-10-16
380,Fatmanur Eren,fatmanur.eren380@example.com,Izmir,2025-04-12
381,Selin Günes,selin.günes381@example.com,Ankara,2025-01-28
382,Selin Çakar,selin.çakar382@example.com,Istanbul,2024-08-30
383,Fatmanur Ülgü,fatmanur.ülgü383@example.com,Izmir,2025-08-11
384,Halim Eren,halim.eren384@example.com,Izmir,2024-01-23
385,Selin Arpacik,selin.arpacik385@example.com,Bursa,2024-10-08
386,Emir Ülgü,emir.ülgü386@example.com,KahramanMaraş,2026-03-07
387,Fatih Uslu,fatih.uslu387@example.com,Antalya,2026-02-02
388,Elif Günes,elif.günes388@example.com,Ankara,2025-09-13
389,Kerem Ermis,kerem.ermis389@example.com,Ankara,2025-10-13
390,Doğan Ülgü,doğan.ülgü390@example.com,Izmir,2025-11-25
391,Kerem Eren,,KahramanMaraş,2025-11-28
392,Selin Seker,selin.seker392@example.com,KahramanMaraş,2024-04-09
393,Berk Arpacik,berk.arpacik393@example.com,KahramanMaraş,2024-02-10
394,Halim Tas,halim.tas394@example.com,Bursa,2024-02-04
395,Emirhan Ermis,emirhan.ermis395@example.com,KahramanMaraş,2024-05-14
396,Asli Günes,asli.günes396@example.com,Izmir,2026-02-04
397,Fatmanur Seker,fatmanur.seker397@example.com,Ankara,2024-05-15
398,Kerem Efe,kerem.efe398@example.com,Izmir,2025-06-27
399,Ceyhun Günes,ceyhun.günes399@example.com,Ankara,2024-09-20
400,Berk Çakar,berk.çakar400@example.com,Izmir,2026-02-03
401,Selin Ermis,selin.ermis401@example.com,Istanbul,2025-04-24
402,Asli Seker,asli.seker402@example.com,Ankara,2026-05-30
403,Ayse Eren,ayse.eren403@example.com,KahramanMaraş,2025-02-10
404,Selin Tas,selin.tas404@example.com,Antalya,2025-01-09
405,Asli Tas,asli.tas405@example.com,Bursa,2024-01-15
406,Halim Efe,halim.efe406@example.com,Istanbul,2025-04-10
407,Sinan Arpacik,sinan.arpacik407@example.com,KahramanMaraş,2025-11-19
408,Halim Ülgü,,Bursa,2026-04-22
409,Ayse Ermis,ayse.ermis409@example.com,Istanbul,2025-11-22
410,Doğan Çakar,doğan.çakar410@example.com,Istanbul,2025-09-26
411,Berk Efe,berk.efe411@example.com,Izmir,2026-07-26
412,Emirhan Ayhan,emirhan.ayhan412@example.com,KahramanMaraş,2024-03-05
413,Ayse Çakar,ayse.çakar413@example.com,KahramanMaraş,2024-11-05
414,Ayse Sager,ayse.sager414@example.com,Istanbul,2024-05-23
415,Emir Uslu,emir.uslu415@example.com,Izmir,2025-05-19
416,Asli Taş,asli.taş416@example.com,Ankara,2026-06-27
417,Ceyhun Seker,ceyhun.seker417@example.com,Bursa,2025-04-09
418,Sinan Arpacik,sinan.arpacik418@example.com,KahramanMaraş,2025-12-14
419,Ceyhun Sager,ceyhun.sager419@example.com,Antalya,2026-01-30
420,Fatih Seker,fatih.seker420@example.com,Bursa,2025-11-01
421,Asli Çakar,asli.çakar421@example.com,Antalya,2025-02-21
422,Halim Uslu,halim.uslu422@example.com,KahramanMaraş,2025-01-14
423,Doğan Çakar,doğan.çakar423@example.com,Bursa,2026-08-31
424,Doğan Ermis,doğan.ermis424@example.com,Istanbul,2025-12-03
425,Sinan Efe,,KahramanMaraş,2025-01-02
426,Emir Sager,emir.sager426@example.com,Izmir,2024-07-13
427,Asli Çakar,asli.çakar427@example.com,Istanbul,2025-11-09
428,Doğan Arpacik,doğan.arpacik428@example.com,KahramanMaraş,2025-09-03
429,Emir Uslu,emir.uslu429@example.com,Izmir,2024-09-06
430,Emre Tas,emre.tas430@example.com,Antalya,2024-07-29
431,Asli Tas,asli.tas431@example.com,Antalya,2024-07-31
432,Emirhan Ayhan,emirhan.ayhan432@example.com,Ankara,2024-12-02
433,Kerem Seker,kerem.seker433@example.com,Antalya,2024-01-03
434,Halim Seker,halim.seker434@example.com,Ankara,2025-07-07
435,Halim Tas,halim.tas435@example.com,Ankara,2024-04-22
436,Ayse Uslu,ayse.uslu436@example.com,Ankara,2024-01-16
437,Sinan Tas,sinan.tas437@example.com,Ankara,2025-08-25
438,Sinan Uslu,sinan.uslu438@example.com,Ankara,2024-09-28
439,Emir Seker,emir.seker439@example.com,KahramanMaraş,2025-03-07
440,Ceyhun Taş,ceyhun.taş440@example.com,KahramanMaraş,2024-03-06
441,Elif Çakar,elif.çakar441@example.com,Izmir,2025-06-09
442,Emirhan Taş,,Bursa,2025-05-30
443,Doğan Ülgü,doğan.ülgü443@example.com,Istanbul,2026-01-14
444,Kerem Arpacik,kerem.arpacik444@example.com,Antalya,2024-11-04
445,Elif Arpacik,elif.arpacik445@example.com,Istanbul,2024-03-03
446,Elif Sager,elif.sager446@example.com,Bursa,2025-12-03
447,Asli Çakar,asli.çakar447@example.com,KahramanMaraş,2026-07-20
448,Elif Taş,elif.taş448@example.com,Istanbul,2024-11-25
449,Emirhan Seker,emirhan.seker449@example.com,Istanbul,2024-05-09
450,Halim Ülgü,halim.ülgü450@example.com,KahramanMaraş,2025-08-22
451,Ceyhun Eren,ceyhun.eren451@example.com,Izmir,2025-01-25
452,Emirhan Efe,emirhan.efe452@example.com,Izmir,2025-04-09
453,Ceyhun Ülgü,ceyhun.ülgü453@example.com,Bursa,2024-04-11
454,Kerem Eren,kerem.eren454@example.com,Istanbul,2026-05-23
455,Ayse Arpacik,ayse.arpacik455@example.com,Antalya,2026-01-08
456,Selin Ayhan,selin.ayhan456@example.com,Bursa,2025-04-07
457,Berk Ayhan,berk.ayhan457@example.com,Bursa,2024-12-13
458,Selin Çakar,selin.çakar458@example.com,Bursa,2025-03-01
459,Fatih Taş,,Izmir,2025-03-13
460,Sinan Arpacik,sinan.arpacik460@example.com,Izmir,2025-01-18
461,Emre Arpacik,emre.arpacik461@example.com,Bursa,2024-03-09
462,Asli Taş,asli.taş462@example.com,Istanbul,2025-03-18
463,Asli Eren,asli.eren463@example.com,KahramanMaraş,2025-01-16
464,Kerem Seker,kerem.seker464@example.com,Antalya,2024-03-02
465,Emirhan Efe,emirhan.efe465@example.com,Antalya,2024-12-03
466,Ayse Taş,ayse.taş466@example.com,Bursa,2024-12-28
467,Selin Arpacik,selin.arpacik467@example.com,Bursa,2026-06-07
468,Berk Eren,berk.eren468@example.com,Istanbul,2024-10-21
469,Emirhan Günes,emirhan.günes469@example.com,Izmir,2024-04-16
470,Emirhan Efe,emirhan.efe470@example.com,Ankara,2024-06-07
471,Ayse Çakar,ayse.çakar471@example.com,Ankara,2026-05-17
472,Asli Ermis,asli.ermis472@example.com,Antalya,2025-01-11
473,Asli Tas,asli.tas473@example.com,Izmir,2025-08-10
474,Doğan Tas,doğan.tas474@example.com,Bursa,2026-05-15
475,Ceyhun Tas,ceyhun.tas475@example.com,Antalya,2025-09-20
476,Ayse Arpacik,,Antalya,2024-01-27
477,Emirhan Arpacik,emirhan.arpacik477@example.com,KahramanMaraş,2024-09-30
478,Emir Seker,emir.seker478@example.com,Izmir,2025-12-20
479,Kerem Günes,kerem.günes479@example.com,Izmir,2024-12-25
480,Emir Seker,emir.seker480@example.com,Ankara,2025-08-02
481,Ayse Sager,ayse.sager481@example.com,Istanbul,2024-05-25
482,Fatih Arpacik,fatih.arpacik482@example.com,Istanbul,2024-04-03
483,Fatih Efe,fatih.efe483@example.com,Ankara,2025-01-20
484,Fatmanur Çakar,fatmanur.çakar484@example.com,Izmir,2024-06-10
485,Sinan Günes,sinan.günes485@example.com,KahramanMaraş,2024-11-28
486,Kerem Ülgü,kerem.ülgü486@example.com,Antalya,2024-03-27
487,Berk Uslu,berk.uslu487@example.com,Ankara,2024-06-10
488,Kerem Ülgü,kerem.ülgü488@example.com,Istanbul,2025-11-21
489,Asli Günes,asli.günes489@example.com,Bursa,2025-11-08
490,Fatmanur Çakar,fatmanur.çakar490@example.com,Antalya,2025-03-28
491,Fatmanur Günes,fatmanur.günes491@example.com,Ankara,2026-02-12
492,Ceyhun Taş,ceyhun.taş492@example.com,Izmir,2025-03-16
493,Asli Günes,,KahramanMaraş,2025-11-25
494,Emirhan Çakar,emirhan.çakar494@example.com,Antalya,2025-11-14
495,Halim Uslu,halim.uslu495@example.com,Ankara,2025-02-08
496,Emirhan Uslu,emirhan.uslu496@example.com,Istanbul,2024-07-28
497,Halim Ayhan,halim.ayhan497@example.com,Ankara,2026-02-21
498,Halim Günes,halim.günes498@example.com,Izmir,2024-05-02
499,Emir Çakar,emir.çakar499@example.com,KahramanMaraş,2025-03-16
500,Emre Seker,emre.seker500@example.com,Bursa,2025-06-29
501,Fatih Ayhan,fatih.ayhan501@example.com,Antalya,2025-07-26
502,Selin Arpacik,selin.arpacik502@example.com,Izmir,2024-03-14
503,Fatmanur Eren,fatmanur.eren503@example.com,Istanbul,2025-03-22
504,Emir Çakar,emir.çakar504@example.com,Istanbul,2026-06-01
505,Sinan Ülgü,sinan.ülgü505@example.com,Bursa,2025-08-10
506,Fatmanur Eren,fatmanur.eren506@example.com,KahramanMaraş,2025-03-03
507,Halim Taş,halim.taş507@example.com,Bursa,2024-01-22
508,Sinan Seker,sinan.seker508@example.com,Antalya,2025-04-16
509,Selin Eren,selin.eren509@example.com,Izmir,2024-03-31
510,Fatmanur Taş,,Ankara,2025-03-22
511,Emirhan Sager,emirhan.sager511@example.com,Antalya,2024-03-21
512,Fatmanur Günes,fatmanur.günes512@example.com,KahramanMaraş,2024-12-13
513,Doğan Ermis,doğan.ermis513@example.com,Ankara,2024-03-19
514,Ceyhun Arpacik,ceyhun.arpacik514@example.com,Istanbul,2025-06-27
515,Ceyhun Ayhan,ceyhun.ayhan515@example.com,Izmir,2024-12-25
516,Fatih Arpacik,fatih.arpacik516@example.com,Ankara,2024-08-29
517,Asli Seker,asli.seker517@example.com,Izmir,2024-07-21
518,Emre Ülgü,emre.ülgü518@example.com,Ankara,2026-02-17
519,Kerem Arpacik,kerem.arpacik519@example.com,Istanbul,2024-06-30
520,Kerem Arpacik,kerem.arpacik520@example.com,Bursa,2025-04-20
521,Kerem Ülgü,kerem.ülgü521@example.com,Antalya,2025-04-04
522,Ayse Ülgü,ayse.ülgü522@example.com,KahramanMaraş,2025-10-12
523,Emirhan Ermis,emirhan.ermis523@example.com,KahramanMaraş,2024-11-19
524,Emre Çakar,emre.çakar524@example.com,Istanbul,2025-04-25
525,Elif Arpacik,elif.arpacik525@example.com,Izmir,2026-03-26
526,Halim Ülgü,halim.ülgü526@example.com,Istanbul,2024-12-26
527,Ceyhun Taş,,Izmir,2025-04-17
528,Elif Uslu,elif.uslu528@example.com,Istanbul,2025-01-12
529,Selin Günes,selin.günes529@example.com,Istanbul,2025-10-22
530,Selin Taş,selin.taş530@example.com,Antalya,2025-08-31
531,Ceyhun Sager,ceyhun.sager531@example.com,Bursa,2025-08-17
532,Ceyhun Tas,ceyhun.tas532@example.com,KahramanMaraş,2026-07-06
533,Emir Çakar,emir.çakar533@example.com,Antalya,2025-10-29
534,Doğan Ermis,doğan.ermis534@example.com,Antalya,2025-05-02
535,Ceyhun Seker,ceyhun.seker535@example.com,Istanbul,2025-04-06
536,Asli Tas,asli.tas536@example.com,Izmir,2026-01-01
537,Asli Efe,asli.efe537@example.com,KahramanMaraş,2024-06-25
538,Emir Ayhan,emir.ayhan538@example.com,KahramanMaraş,2025-03-24
539,Elif Efe,elif.efe539@example.com,Antalya,2025-09-16
540,Emre Ermis,emre.ermis540@example.com,Izmir,2026-07-28
541,Halim Sager,halim.sager541@example.com,Bursa,2026-03-04
542,Sinan Arpacik,sinan.arpacik542@example.com,Antalya,2024-02-23
543,Kerem Arpacik,kerem.arpacik543@example.com,KahramanMaraş,2024-12-08
544,Asli Ermis,,Istanbul,2025-07-25
545,Ayse Sager,ayse.sager545@example.com,Izmir,2024-09-15
546,Fatih Arpacik,fatih.arpacik546@example.com,Antalya,2026-06-13
547,Emre Ermis,emre.ermis547@example.com,Istanbul,2025-08-19
548,Ayse Seker,ayse.seker548@example.com,Izmir,2024-11-13
549,Ayse Eren,ayse.eren549@example.com,KahramanMaraş,2025-02-05
550,Emre Ülgü,emre.ülgü550@example.com,KahramanMaraş,2026-08-18
551,Asli Günes,asli.günes551@example.com,Antalya,2025-01-20
552,Ayse Tas,ayse.tas552@example.com,Izmir,2026-04-12
553,Emre Arpacik,emre.arpacik553@example.com,KahramanMaraş,2026-04-28
554,Fatih Arpacik,fatih.arpacik554@example.com,Antalya,2024-04-05
555,Ayse Arpacik,ayse.arpacik555@example.com,Bursa,2025-06-04
556,Sinan Uslu,sinan.uslu556@example.com,Izmir,2024-11-12
557,Emre Ayhan,emre.ayhan557@example.com,Izmir,2026-08-28
558,Kerem Çakar,kerem.çakar558@example.com,Ankara,2024-08-19
559,Emre Seker,emre.seker559@example.com,Istanbul,2024-10-29
560,Selin Tas,selin.tas560@example.com,Istanbul,2025-06-03
561,Kerem Efe,,KahramanMaraş,2026-06-23
562,Ceyhun Uslu,ceyhun.uslu562@example.com,KahramanMaraş,2024-12-10
563,Berk Tas,berk.tas563@example.com,Antalya,2024-05-14
564,Emirhan Sager,emirhan.sager564@example.com,Ankara,2024-06-15
565,Emre Eren,emre.eren565@example.com,Antalya,2026-04-08
566,Berk Seker,berk.seker566@example.com,KahramanMaraş,2025-03-24
567,Emir Sager,emir.sager567@example.com,Izmir,2025-11-23
568,Fatih Ayhan,fatih.ayhan568@example.com,Bursa,2025-09-17
569,Halim Tas,halim.tas569@example.com,KahramanMaraş,2026-03-13
570,Elif Ayhan,elif.ayhan570@example.com,Antalya,2024-09-01
571,Halim Tas,halim.tas571@example.com,Bursa,2026-07-14
572,Selin Ayhan,selin.ayhan572@example.com,Izmir,2025-11-25
573,Emirhan Çakar,emirhan.çakar573@example.com,Bursa,2026-02-26
574,Halim Tas,halim.tas574@example.com,Bursa,2025-05-29
575,Ceyhun Sager,ceyhun.sager575@example.com,Ankara,2026-04-16
576,Doğan Tas,doğan.tas576@example.com,Antalya,2024-05-21
577,Selin Günes,selin.günes577@example.com,Istanbul,2025-10-18
578,Elif Ermis,,Antalya,2026-08-14
579,Asli Eren,asli.eren579@example.com,Antalya,2026-05-21
580,Asli Günes,asli.günes580@example.com,Istanbul,2026-02-20
581,Emre Günes,emre.günes581@example.com,Bursa,2026-07-16
582,Ceyhun Seker,ceyhun.seker582@example.com,Bursa,2024-04-03
583,Berk Ayhan,berk.ayhan583@example.com,Bursa,2026-06-24
584,Sinan Uslu,sinan.uslu584@example.com,Bursa,2024-02-24
585,Fatmanur Efe,fatmanur.efe585@example.com,Izmir,2024-08-29
586,Fatmanur Taş,fatmanur.taş586@example.com,Izmir,2024-08-17
587,Emir Ermis,emir.ermis587@example.com,Istanbul,2026-05-09
588,Fatih Arpacik,fatih.arpacik588@example.com,Izmir,2026-03-21
589,Emre Seker,emre.seker589@example.com,Istanbul,2024-10-20
590,Berk Çakar,berk.çakar590@example.com,KahramanMaraş,2026-05-01
591,Emre Tas,emre.tas591@example.com,KahramanMaraş,2025-04-25
592,Elif Ülgü,elif.ülgü592@example.com,Istanbul,2026-07-16
593,Asli Uslu,asli.uslu593@example.com,Izmir,2024-08-08
594,Selin Seker,selin.seker594@example.com,Antalya,2026-08-20
595,Fatih Ülgü,,Antalya,2025-03-09
596,Asli Tas,asli.tas596@example.com,Izmir,2024-08-31
597,Halim Taş,halim.taş597@example.com,Istanbul,2024-09-01
598,Fatmanur Arpacik,fatmanur.arpacik598@example.com,Antalya,2025-04-13
599,Asli Taş,asli.taş599@example.com,Bursa,2025-09-03
600,Ceyhun Uslu,ceyhun.uslu600@example.com,KahramanMaraş,2025-06-11
601,Emirhan Ayhan,emirhan.ayhan601@example.com,KahramanMaraş,2024-05-27
602,Halim Sager,halim.sager602@example.com,Istanbul,2025-09-21
603,Sinan Ayhan,sinan.ayhan603@example.com,Antalya,2025-03-02
604,Emre Arpacik,emre.arpacik604@example.com,KahramanMaraş,2024-03-28
605,Ceyhun Ermis,ceyhun.ermis605@example.com,Istanbul,2025-06-22
606,Ceyhun Efe,ceyhun.efe606@example.com,Antalya,2025-07-21
607,Emir Sager,emir.sager607@example.com,Bursa,2024-02-14
608,Ayse Sager,ayse.sager608@example.com,Izmir,2024-09-16
609,Fatih Uslu,fatih.uslu609@example.com,Izmir,2026-03-18
610,Asli Ermis,asli.ermis610@example.com,Ankara,2026-01-20
611,Ayse Arpacik,ayse.arpacik611@example.com,Istanbul,2026-03-01
612,Emirhan Eren,,Izmir,2024-05-16
613,Emir Ermis,emir.ermis613@example.com,Antalya,2024-12-12
614,Selin Arpacik,selin.arpacik614@example.com,Ankara,2026-04-30
615,Kerem Arpacik,kerem.arpacik615@example.com,Bursa,2025-12-13
616,Elif Arpacik,elif.arpacik616@example.com,Ankara,2026-04-10
617,Emre Taş,emre.taş617@example.com,KahramanMaraş,2026-03-05
618,Elif Uslu,elif.uslu618@example.com,Izmir,2024-07-25
619,Emir Tas,emir.tas619@example.com,Ankara,2026-06-26
620,Emir Ermis,emir.ermis620@example.com,Izmir,2025-06-11
621,Fatmanur Efe,fatmanur.efe621@example.com,Bursa,2024-09-16
622,Emir Tas,emir.tas622@example.com,KahramanMaraş,2024-07-14
623,Halim Ermis,halim.ermis623@example.com,Istanbul,2026-06-05
624,Ayse Ermis,ayse.ermis624@example.com,Izmir,2024-05-07
625,Kerem Ermis,kerem.ermis625@example.com,Bursa,2026-06-29
626,Fatmanur Eren,fatmanur.eren626@example.com,Bursa,2026-07-05
627,Fatmanur Ermis,fatmanur.ermis627@example.com,Ankara,2025-05-23
628,Fatih Çakar,fatih.çakar628@example.com,Izmir,2026-08-04
629,Kerem Efe,,Izmir,2026-03-31
630,Asli Eren,asli.eren630@example.com,Bursa,2024-03-21
631,Fatmanur Ülgü,fatmanur.ülgü631@example.com,Ankara,2025-07-12
632,Halim Ermis,halim.ermis632@example.com,Istanbul,2024-03-22
633,Sinan Arpacik,sinan.arpacik633@example.com,Izmir,2024-11-09
634,Elif Ülgü,elif.ülgü634@example.com,KahramanMaraş,2025-03-12
635,Emre Eren,emre.eren635@example.com,Bursa,2024-12-25
636,Elif Uslu,elif.uslu636@example.com,KahramanMaraş,2026-06-09
637,Berk Ermis,berk.ermis637@example.com,Antalya,2025-03-21
638,Halim Arpacik,halim.arpacik638@example.com,Istanbul,2024-03-17
639,Ayse Arpacik,ayse.arpacik639@example.com,Bursa,2025-01-07
640,Ceyhun Tas,ceyhun.tas640@example.com,KahramanMaraş,2025-11-26
641,Emre Uslu,emre.uslu641@example.com,Ankara,2026-05-19
642,Emirhan Arpacik,emirhan.arpacik642@example.com,Bursa,2024-02-05
643,Emre Taş,emre.taş643@example.com,Ankara,2026-03-08
644,Ayse Ermis,ayse.ermis644@example.com,Izmir,2025-01-27
645,Emirhan Uslu,emirhan.uslu645@example.com,Antalya,2024-06-06
646,Ayse Çakar,,Izmir,2025-01-15
647,Elif Tas,elif.tas647@example.com,Istanbul,2025-08-10
648,Emre Efe,emre.efe648@example.com,Izmir,2025-02-11
649,Sinan Arpacik,sinan.arpacik649@example.com,Izmir,2024-09-12
650,Asli Uslu,asli.uslu650@example.com,KahramanMaraş,2024-07-09
651,Elif Efe,elif.efe651@example.com,Bursa,2026-07-24
652,Ceyhun Taş,ceyhun.taş652@example.com,Izmir,2026-03-04
653,Halim Eren,halim.eren653@example.com,Bursa,2024-08-07
654,Emirhan Günes,emirhan.günes654@example.com,KahramanMaraş,2026-07-27
655,Elif Ayhan,elif.ayhan655@example.com,Istanbul,2024-05-18
656,Selin Taş,selin.taş656@example.com,Bursa,2024-06-25
657,Berk Eren,berk.eren657@example.com,Bursa,2024-03-30
658,Kerem Arpacik,kerem.arpacik658@example.com,Izmir,2025-11-14
659,Sinan Eren,sinan.eren659@example.com,Istanbul,2025-07-17
660,Ceyhun Günes,ceyhun.günes660@example.com,Izmir,2026-05-21
661,Emre Eren,emre.eren661@example.com,KahramanMaraş,2026-08-07
662,Fatih Arpacik,fatih.arpacik662@example.com,Ankara,2026-03-23
663,Sinan Efe,,Ankara,2024-05-04
664,Doğan Tas,doğan.tas664@example.com,Ankara,2024-08-30
665,Kerem Çakar,kerem.çakar665@example.com,Istanbul,2025-01-04
666,Ceyhun Ülgü,ceyhun.ülgü666@example.com,Izmir,2025-04-23
667,Kerem Efe,kerem.efe667@example.com,Ankara,2025-09-18
668,Berk Taş,berk.taş668@example.com,Istanbul,2024-11-12
669,Fatmanur Eren,fatmanur.eren669@example.com,KahramanMaraş,2025-05-05
670,Ceyhun Sager,ceyhun.sager670@example.com,Bursa,2026-04-23
671,Emirhan Taş,emirhan.taş671@example.com,Ankara,2024-11-20
672,Ayse Taş,ayse.taş672@example.com,Bursa,2025-04-22
673,Ayse Efe,ayse.efe673@example.com,Izmir,2024-05-11
674,Berk Tas,berk.tas674@example.com,Antalya,2025-10-17
675,Emirhan Seker,emirhan.seker675@example.com,Ankara,2025-03-19
676,Ceyhun Uslu,ceyhun.uslu676@example.com,Istanbul,2025-06-14
677,Emre Günes,emre.günes677@example.com,Ankara,2024-06-14
678,Sinan Eren,sinan.eren678@example.com,Ankara,2024-12-20
679,Ceyhun Günes,ceyhun.günes679@example.com,Istanbul,2024-09-13
680,Doğan Arpacik,,Antalya,2024-10-08
681,Emre Arpacik,emre.arpacik681@example.com,Izmir,2025-09-21
682,Ceyhun Taş,ceyhun.taş682@example.com,Antalya,2025-10-18
683,Emre Ülgü,emre.ülgü683@example.com,Antalya,2024-06-06
684,Emre Arpacik,emre.arpacik684@example.com,Antalya,2026-01-07
685,Berk Ülgü,berk.ülgü685@example.com,Izmir,2026-05-12
686,Berk Ülgü,berk.ülgü686@example.com,Istanbul,2026-04-25
687,Selin Uslu,selin.uslu687@example.com,Istanbul,2024-02-16
688,Ayse Tas,ayse.tas688@example.com,Antalya,2024-09-28
689,Ayse Ayhan,ayse.ayhan689@example.com,Antalya,2025-03-02
690,Emirhan Arpacik,emirhan.arpacik690@example.com,Istanbul,2025-05-24
691,Berk Arpacik,berk.arpacik691@example.com,Antalya,2024-10-23
692,Ayse Günes,ayse.günes692@example.com,Bursa,2024-09-07
693,Kerem Tas,kerem.tas693@example.com,KahramanMaraş,2025-02-19
694,Halim Çakar,halim.çakar694@example.com,Istanbul,2025-12-06
695,Emir Seker,emir.seker695@example.com,Bursa,2025-03-01
696,Elif Çakar,elif.çakar696@example.com,Ankara,2024-12-14
697,Emirhan Seker,,Izmir,2026-06-01
698,Fatih Ermis,fatih.ermis698@example.com,KahramanMaraş,2026-05-31
699,Sinan Sager,sinan.sager699@example.com,Ankara,2026-02-17
700,Sinan Efe,sinan.efe700@example.com,Antalya,2024-04-18
701,Sinan Ayhan,sinan.ayhan701@example.com,Bursa,2024-05-05
702,Halim Çakar,halim.çakar702@example.com,Ankara,2024-05-24
703,Asli Uslu,asli.uslu703@example.com,Izmir,2026-08-26
704,Fatmanur Ülgü,fatmanur.ülgü704@example.com,Bursa,2024-09-11
705,Selin Seker,selin.seker705@example.com,Izmir,2026-08-14
706,Emirhan Eren,emirhan.eren706@example.com,Izmir,2024-07-13
707,Kerem Seker,kerem.seker707@example.com,Bursa,2025-06-11
708,Elif Çakar,elif.çakar708@example.com,Izmir,2025-05-24
709,Emir Taş,emir.taş709@example.com,Bursa,2025-06-01
710,Elif Ayhan,elif.ayhan710@example.com,Ankara,2025-08-20
711,Sinan Uslu,sinan.uslu711@example.com,Istanbul,2024-10-15
712,Elif Ülgü,elif.ülgü712@example.com,KahramanMaraş,2025-11-19
713,Elif Günes,elif.günes713@example.com,Antalya,2024-01-09
714,Selin Taş,,Bursa,2024-05-17
715,Berk Günes,berk.günes715@example.com,KahramanMaraş,2025-01-09
716,Kerem Sager,kerem.sager716@example.com,Izmir,2024-02-16
717,Fatmanur Uslu,fatmanur.uslu717@example.com,Antalya,2025-07-29
718,Doğan Ermis,doğan.ermis718@example.com,Antalya,2024-10-22
719,Asli Sager,asli.sager719@example.com,Antalya,2025-04-06
720,Kerem Efe,kerem.efe720@example.com,Izmir,2026-04-25
721,Emirhan Arpacik,emirhan.arpacik721@example.com,Antalya,2024-05-01
722,Emre Taş,emre.taş722@example.com,Bursa,2025-01-17
723,Kerem Ermis,kerem.ermis723@example.com,Antalya,2026-08-19
724,Sinan Tas,sinan.tas724@example.com,Ankara,2024-07-22
725,Emirhan Efe,emirhan.efe725@example.com,Bursa,2025-05-27
726,Emir Uslu,emir.uslu726@example.com,Istanbul,2024-05-20
727,Fatih Ermis,fatih.ermis727@example.com,Bursa,2025-06-15
728,Elif Seker,elif.seker728@example.com,Antalya,2026-07-03
729,Ceyhun Seker,ceyhun.seker729@example.com,Izmir,2026-08-11
730,Emirhan Ermis,emirhan.ermis730@example.com,Ankara,2025-02-06
731,Emirhan Eren,,Izmir,2025-08-30
732,Sinan Efe,sinan.efe732@example.com,Antalya,2025-06-29
733,Elif Eren,elif.eren733@example.com,Antalya,2024-11-02
734,Elif Uslu,elif.uslu734@example.com,Izmir,2024-12-05
735,Ayse Taş,ayse.taş735@example.com,Bursa,2025-08-20
736,Halim Tas,halim.tas736@example.com,KahramanMaraş,2026-06-12
737,Fatih Arpacik,fatih.arpacik737@example.com,Istanbul,2025-09-03
738,Elif Günes,elif.günes738@example.com,KahramanMaraş,2026-03-12
739,Kerem Ülgü,kerem.ülgü739@example.com,Antalya,2024-08-21
740,Fatih Uslu,fatih.uslu740@example.com,Antalya,2025-05-06
741,Emre Efe,emre.efe741@example.com,KahramanMaraş,2026-01-08
742,Emirhan Tas,emirhan.tas742@example.com,Bursa,2024-05-31
743,Selin Arpacik,selin.arpacik743@example.com,Ankara,2024-02-02
744,Emirhan Eren,emirhan.eren744@example.com,Istanbul,2024-07-14
745,Emir Çakar,emir.çakar745@example.com,Izmir,2025-03-04
746,Emre Sager,emre.sager746@example.com,KahramanMaraş,2024-07-27
747,Fatmanur Efe,fatmanur.efe747@example.com,Antalya,2026-07-31
748,Elif Eren,,KahramanMaraş,2024-03-04
749,Fatih Seker,fatih.seker749@example.com,Antalya,2024-07-31
750,Ceyhun Ermis,ceyhun.ermis750@example.com,KahramanMaraş,2025-05-04
751,Ceyhun Sager,ceyhun.sager751@example.com,Izmir,2024-06-26
752,Elif Efe,elif.efe752@example.com,Izmir,2025-07-13
753,Sinan Arpacik,sinan.arpacik753@example.com,KahramanMaraş,2025-11-28
754,Ayse Tas,ayse.tas754@example.com,KahramanMaraş,2024-09-27
755,Emirhan Çakar,emirhan.çakar755@example.com,Ankara,2024-09-09
756,Halim Efe,halim.efe756@example.com,Izmir,2024-08-18
757,Halim Tas,halim.tas757@example.com,Izmir,2025-12-22
758,Doğan Eren,doğan.eren758@example.com,KahramanMaraş,2025-05-15
759,Sinan Çakar,sinan.çakar759@example.com,Izmir,2025-07-27
760,Berk Tas,berk.tas760@example.com,KahramanMaraş,2024-10-07
761,Halim Taş,halim.taş761@example.com,Antalya,2025-11-23
762,Ceyhun Sager,ceyhun.sager762@example.com,Bursa,2026-04-18
763,Sinan Tas,sinan.tas763@example.com,Ankara,2024-10-24
764,Emir Günes,emir.günes764@example.com,KahramanMaraş,2024-03-21
765,Sinan Çakar,,KahramanMaraş,2024-09-19
766,Fatih Çakar,fatih.çakar766@example.com,Ankara,2024-07-25
767,Selin Efe,selin.efe767@example.com,Izmir,2026-08-13
768,Ceyhun Eren,ceyhun.eren768@example.com,Izmir,2024-05-20
769,Asli Ülgü,asli.ülgü769@example.com,KahramanMaraş,2025-08-23
770,Doğan Ayhan,doğan.ayhan770@example.com,Istanbul,2025-11-16
771,Berk Efe,berk.efe771@example.com,Ankara,2025-10-15
772,Doğan Uslu,doğan.uslu772@example.com,Istanbul,2025-02-27
773,Sinan Eren,sinan.eren773@example.com,Bursa,2024-04-12
774,Ayse Tas,ayse.tas774@example.com,Ankara,2024-01-06
775,Ceyhun Seker,ceyhun.seker775@example.com,Bursa,2025-10-30
776,Berk Çakar,berk.çakar776@example.com,Bursa,2025-10-28
777,Doğan Tas,doğan.tas777@example.com,Izmir,2024-11-24
778,Halim Arpacik,halim.arpacik778@example.com,Istanbul,2026-07-18
779,Kerem Taş,kerem.taş779@example.com,KahramanMaraş,2025-08-10
780,Doğan Efe,doğan.efe780@example.com,KahramanMaraş,2026-01-10
781,Selin Uslu,selin.uslu781@example.com,Ankara,2025-03-03
782,Berk Seker,,Istanbul,2026-05-06
783,Fatmanur Tas,fatmanur.tas783@example.com,Bursa,2024-07-09
784,Berk Eren,berk.eren784@example.com,Izmir,2026-06-16
785,Emir Uslu,emir.uslu785@example.com,Izmir,2025-08-04
786,Emirhan Taş,emirhan.taş786@example.com,Izmir,2024-10-18
787,Elif Arpacik,elif.arpacik787@example.com,Antalya,2025-06-20
788,Elif Seker,elif.seker788@example.com,Antalya,2025-04-24
789,Halim Ayhan,halim.ayhan789@example.com,Istanbul,2024-12-04
790,Emre Eren,emre.eren790@example.com,Bursa,2025-10-25
791,Halim Eren,halim.eren791@example.com,Ankara,2024-01-15
792,Fatih Ermis,fatih.ermis792@example.com,Izmir,2025-08-04
793,Ayse Tas,ayse.tas793@example.com,Ankara,2024-06-28
794,Emirhan Arpacik,emirhan.arpacik794@example.com,Bursa,2026-04-26
795,Fatmanur Efe,fatmanur.efe795@example.com,Izmir,2024-03-29
796,Fatmanur Arpacik,fatmanur.arpacik796@example.com,Istanbul,2024-07-08
797,Emre Çakar,emre.çakar797@example.com,Izmir,2026-08-16
798,Doğan Uslu,doğan.uslu798@example.com,Izmir,2025-01-27
799,Doğan Çakar,,Izmir,2024-12-03
800,Halim Ülgü,halim.ülgü800@example.com,KahramanMaraş,2025-08-09
801,Emir Günes,emir.günes801@example.com,KahramanMaraş,2025-01-03
802,Fatih Ayhan,fatih.ayhan802@example.com,Istanbul,2025-11-14
803,Asli Çakar,asli.çakar803@example.com,Izmir,2024-06-12
804,Fatmanur Arpacik,fatmanur.arpacik804@example.com,Antalya,2026-08-03
805,Berk Eren,berk.eren805@example.com,Izmir,2025-12-07
806,Asli Arpacik,asli.arpacik806@example.com,Izmir,2025-01-11
807,Emirhan Ayhan,emirhan.ayhan807@example.com,Ankara,2024-05-16
808,Elif Seker,elif.seker808@example.com,Bursa,2026-02-04
809,Emirhan Ermis,emirhan.ermis809@example.com,Bursa,2025-12-19
810,Ceyhun Çakar,ceyhun.çakar810@example.com,Antalya,2026-04-01
811,Ayse Ayhan,ayse.ayhan811@example.com,Ankara,2025-11-27
812,Kerem Ülgü,kerem.ülgü812@example.com,Istanbul,2025-06-22
813,Elif Efe,elif.efe813@example.com,KahramanMaraş,2025-01-05
814,Asli Ülgü,asli.ülgü814@example.com,Istanbul,2024-03-04
815,Selin Efe,selin.efe815@example.com,Antalya,2024-07-26
816,Emirhan Efe,,Ankara,2024-06-17
817,Sinan Efe,sinan.efe817@example.com,Bursa,2024-04-29
818,Ayse Ayhan,ayse.ayhan818@example.com,KahramanMaraş,2025-08-20
819,Elif Taş,elif.taş819@example.com,Antalya,2025-04-01
820,Kerem Uslu,kerem.uslu820@example.com,Bursa,2024-05-15
821,Ceyhun Sager,ceyhun.sager821@example.com,Bursa,2025-07-31
822,Emir Efe,emir.efe822@example.com,Bursa,2025-11-19
823,Kerem Günes,kerem.günes823@example.com,KahramanMaraş,2024-01-23
824,Fatmanur Günes,fatmanur.günes824@example.com,Istanbul,2026-02-02
825,Doğan Ülgü,doğan.ülgü825@example.com,Istanbul,2024-02-16
826,Fatmanur Ermis,fatmanur.ermis826@example.com,KahramanMaraş,2024-03-06
827,Ceyhun Uslu,ceyhun.uslu827@example.com,Istanbul,2026-08-14
828,Elif Uslu,elif.uslu828@example.com,Izmir,2025-02-22
829,Emre Tas,emre.tas829@example.com,Ankara,2026-02-23
830,Ayse Eren,ayse.eren830@example.com,KahramanMaraş,2025-03-06
831,Sinan Sager,sinan.sager831@example.com,Bursa,2026-06-09
832,Berk Sager,berk.sager832@example.com,Bursa,2024-03-23
833,Ayse Arpacik,,Antalya,2024-05-16
834,Ayse Ermis,ayse.ermis834@example.com,Istanbul,2024-07-01
835,Ceyhun Sager,ceyhun.sager835@example.com,Antalya,2024-05-10
836,Fatih Ayhan,fatih.ayhan836@example.com,Istanbul,2026-02-13
837,Emir Günes,emir.günes837@example.com,Bursa,2025-11-20
838,Fatih Efe,fatih.efe838@example.com,Bursa,2025-06-28
839,Fatmanur Ayhan,fatmanur.ayhan839@example.com,Ankara,2025-04-16
840,Sinan Seker,sinan.seker840@example.com,Izmir,2024-07-12
841,Berk Eren,berk.eren841@example.com,Istanbul,2024-02-02
842,Kerem Arpacik,kerem.arpacik842@example.com,Bursa,2025-09-21
843,Kerem Uslu,kerem.uslu843@example.com,Ankara,2024-07-30
844,Asli Taş,asli.taş844@example.com,Antalya,2024-02-04
845,Elif Ülgü,elif.ülgü845@example.com,KahramanMaraş,2025-12-21
846,Selin Uslu,selin.uslu846@example.com,Ankara,2026-01-28
847,Emir Sager,emir.sager847@example.com,Bursa,2024-08-27
848,Ceyhun Ayhan,ceyhun.ayhan848@example.com,Istanbul,2024-05-23
849,Ceyhun Günes,ceyhun.günes849@example.com,Ankara,2026-04-15
850,Berk Eren,,Antalya,2024-11-22
851,Emirhan Ülgü,emirhan.ülgü851@example.com,KahramanMaraş,2026-04-18
852,Sinan Ayhan,sinan.ayhan852@example.com,Izmir,2026-06-16
853,Emre Arpacik,emre.arpacik853@example.com,Antalya,2024-08-14
854,Fatmanur Günes,fatmanur.günes854@example.com,Izmir,2024-03-03
855,Ceyhun Ülgü,ceyhun.ülgü855@example.com,KahramanMaraş,2026-07-22
856,Emre Arpacik,emre.arpacik856@example.com,KahramanMaraş,2025-03-13
857,Ceyhun Çakar,ceyhun.çakar857@example.com,Istanbul,2024-12-18
858,Ayse Arpacik,ayse.arpacik858@example.com,Bursa,2026-03-15
859,Ceyhun Ermis,ceyhun.ermis859@example.com,KahramanMaraş,2025-03-02
860,Fatmanur Seker,fatmanur.seker860@example.com,Izmir,2025-01-20
861,Emre Tas,emre.tas861@example.com,Antalya,2025-04-29
862,Doğan Ayhan,doğan.ayhan862@example.com,Izmir,2026-05-28
863,Fatih Seker,fatih.seker863@example.com,Bursa,2026-07-25
864,Emir Efe,emir.efe864@example.com,Bursa,2025-03-02
865,Ceyhun Efe,ceyhun.efe865@example.com,Ankara,2025-02-01
866,Doğan Günes,doğan.günes866@example.com,Ankara,2024-12-04
867,Ayse Taş,,Bursa,2026-05-17
868,Sinan Taş,sinan.taş868@example.com,Antalya,2026-01-11
869,Selin Ayhan,selin.ayhan869@example.com,Istanbul,2024-10-01
870,Fatmanur Arpacik,fatmanur.arpacik870@example.com,Antalya,2025-09-09
871,Emir Taş,emir.taş871@example.com,Ankara,2026-04-03
872,Kerem Ülgü,kerem.ülgü872@example.com,KahramanMaraş,2025-11-18
873,Ceyhun Ayhan,ceyhun.ayhan873@example.com,Bursa,2024-08-01
874,Selin Ermis,selin.ermis874@example.com,Izmir,2026-07-19
875,Emir Ayhan,emir.ayhan875@example.com,Ankara,2026-01-29
876,Asli Eren,asli.eren876@example.com,Bursa,2026-07-25
877,Doğan Eren,doğan.eren877@example.com,Antalya,2025-12-21
878,Doğan Sager,doğan.sager878@example.com,Ankara,2025-07-19
879,Sinan Tas,sinan.tas879@example.com,Izmir,2025-01-24
880,Elif Efe,elif.efe880@example.com,KahramanMaraş,2025-01-02
881,Halim Günes,halim.günes881@example.com,Izmir,2025-06-09
882,Berk Çakar,berk.çakar882@example.com,Bursa,2024-04-10
883,Kerem Eren,kerem.eren883@example.com,Bursa,2026-02-18
884,Selin Ermis,,Ankara,2025-01-14
885,Sinan Sager,sinan.sager885@example.com,Istanbul,2025-07-30
886,Selin Ayhan,selin.ayhan886@example.com,KahramanMaraş,2024-05-29
887,Emir Günes,emir.günes887@example.com,Antalya,2026-08-15
888,Emirhan Ülgü,emirhan.ülgü888@example.com,KahramanMaraş,2025-03-03
889,Halim Seker,halim.seker889@example.com,Ankara,2024-12-03
890,Doğan Sager,doğan.sager890@example.com,Antalya,2026-05-03
891,Doğan Çakar,doğan.çakar891@example.com,Antalya,2025-11-01
892,Ayse Ermis,ayse.ermis892@example.com,Izmir,2026-02-20
893,Selin Çakar,selin.çakar893@example.com,KahramanMaraş,2025-10-19
894,Fatih Çakar,fatih.çakar894@example.com,Bursa,2024-06-21
895,Fatih Tas,fatih.tas895@example.com,Izmir,2024-06-22
896,Emre Eren,emre.eren896@example.com,Antalya,2025-05-15
897,Emre Efe,emre.efe897@example.com,KahramanMaraş,2024-03-01
898,Ceyhun Uslu,ceyhun.uslu898@example.com,Istanbul,2026-08-25
899,Selin Arpacik,selin.arpacik899@example.com,Istanbul,2026-02-21
900,Emir Sager,emir.sager900@example.com,Ankara,2026-05-12
901,Ayse Ayhan,,Istanbul,2025-12-25
902,Emre Uslu,emre.uslu902@example.com,Ankara,2025-06-01
903,Elif Ermis,elif.ermis903@example.com,Istanbul,2025-09-24
904,Ayse Arpacik,ayse.arpacik904@example.com,Antalya,2026-07-23
905,Elif Arpacik,elif.arpacik905@example.com,Bursa,2024-01-17
906,Emir Efe,emir.efe906@example.com,Antalya,2025-02-25
907,Emir Uslu,emir.uslu907@example.com,Antalya,2026-01-09
908,Halim Efe,halim.efe908@example.com,Izmir,2024-01-18
909,Ceyhun Eren,ceyhun.eren909@example.com,KahramanMaraş,2025-03-16
910,Kerem Seker,kerem.seker910@example.com,Istanbul,2026-07-29
911,Asli Efe,asli.efe911@example.com,Ankara,2024-09-03
912,Doğan Ülgü,doğan.ülgü912@example.com,Antalya,2024-09-15
913,Selin Ermis,selin.ermis913@example.com,Izmir,2026-03-25
914,Fatmanur Taş,fatmanur.taş914@example.com,Izmir,2025-02-19
915,Elif Ülgü,elif.ülgü915@example.com,Ankara,2025-12-14
916,Doğan Günes,doğan.günes916@example.com,KahramanMaraş,2026-04-27
917,Selin Taş,selin.taş917@example.com,KahramanMaraş,2026-05-28
918,Ayse Tas,,Istanbul,2024-04-05
919,Fatmanur Sager,fatmanur.sager919@example.com,Bursa,2025-07-19
920,Elif Uslu,elif.uslu920@example.com,KahramanMaraş,2024-01-10
921,Fatih Seker,fatih.seker921@example.com,Istanbul,2025-05-26
922,Selin Sager,selin.sager922@example.com,KahramanMaraş,2026-03-14
923,Sinan Ülgü,sinan.ülgü923@example.com,Istanbul,2026-07-05
924,Ceyhun Uslu,ceyhun.uslu924@example.com,Ankara,2024-08-04
925,Berk Eren,berk.eren925@example.com,Antalya,2025-05-01
926,Halim Uslu,halim.uslu926@example.com,Istanbul,2025-12-01
927,Berk Günes,berk.günes927@example.com,Antalya,2025-07-31
928,Ayse Uslu,ayse.uslu928@example.com,Ankara,2026-08-09
929,Selin Ermis,selin.ermis929@example.com,Istanbul,2024-07-31
930,Emirhan Seker,emirhan.seker930@example.com,KahramanMaraş,2026-04-20
931,Fatmanur Taş,fatmanur.taş931@example.com,Izmir,2024-06-15
932,Emirhan Ayhan,emirhan.ayhan932@example.com,Antalya,2026-05-04
933,Selin Sager,selin.sager933@example.com,KahramanMaraş,2026-07-07
934,Ceyhun Ermis,ceyhun.ermis934@example.com,Bursa,2026-02-12
935,Fatih Seker,,KahramanMaraş,2026-01-11
936,Asli Efe,asli.efe936@example.com,KahramanMaraş,2024-12-20
937,Emir Taş,emir.taş937@example.com,Bursa,2024-08-25
938,Selin Taş,selin.taş938@example.com,Izmir,2025-09-11
939,Kerem Ülgü,kerem.ülgü939@example.com,Antalya,2025-02-10
940,Kerem Ermis,kerem.ermis940@example.com,Istanbul,2025-10-11
941,Halim Tas,halim.tas941@example.com,Bursa,2025-05-17
942,Doğan Ermis,doğan.ermis942@example.com,Antalya,2026-08-21
943,Fatmanur Sager,fatmanur.sager943@example.com,Ankara,2025-11-27
944,Emirhan Arpacik,emirhan.arpacik944@example.com,Bursa,2024-03-28
945,Kerem Ülgü,kerem.ülgü945@example.com,Izmir,2026-03-28
946,Doğan Eren,doğan.eren946@example.com,Istanbul,2024-03-25
947,Halim Seker,halim.seker947@example.com,Bursa,2025-12-29
948,Kerem Arpacik,kerem.arpacik948@example.com,Ankara,2026-01-27
949,Fatmanur Ermis,fatmanur.ermis949@example.com,Izmir,2024-04-19
950,Asli Uslu,asli.uslu950@example.com,Izmir,2025-03-31
951,Sinan Tas,sinan.tas951@example.com,Izmir,2024-04-14
952,Emre Taş,,Ankara,2025-03-17
953,Elif Efe,elif.efe953@example.com,Antalya,2025-06-08
954,Fatmanur Taş,fatmanur.taş954@example.com,Istanbul,2024-04-01
955,Sinan Efe,sinan.efe955@example.com,Istanbul,2025-09-03
956,Emirhan Tas,emirhan.tas956@example.com,Izmir,2026-06-03
957,Fatmanur Uslu,fatmanur.uslu957@example.com,Izmir,2025-02-27
958,Fatmanur Tas,fatmanur.tas958@example.com,Istanbul,2026-01-12
959,Berk Efe,berk.efe959@example.com,Ankara,2025-08-08
960,Ceyhun Seker,ceyhun.seker960@example.com,KahramanMaraş,2025-01-24
961,Emre Seker,emre.seker961@example.com,Izmir,2024-11-04
962,Halim Çakar,halim.çakar962@example.com,Ankara,2024-03-05
963,Emre Sager,emre.sager963@example.com,Izmir,2025-03-07
964,Halim Çakar,halim.çakar964@example.com,Istanbul,2025-01-04
965,Halim Ayhan,halim.ayhan965@example.com,KahramanMaraş,2025-10-02
966,Elif Ülgü,elif.ülgü966@example.com,Antalya,2024-07-19
967,Elif Taş,elif.taş967@example.com,Ankara,2024-11-07
968,Emir Sager,emir.sager968@example.com,Izmir,2026-05-11
969,Emirhan Sager,,Izmir,2025-03-26
970,Sinan Sager,sinan.sager970@example.com,KahramanMaraş,2025-08-31
971,Emre Günes,emre.günes971@example.com,Izmir,2025-09-09
972,Fatih Ayhan,fatih.ayhan972@example.com,Bursa,2024-11-17
973,Emre Sager,emre.sager973@example.com,Izmir,2024-10-25
974,Fatih Eren,fatih.eren974@example.com,KahramanMaraş,2025-05-17
975,Emirhan Tas,emirhan.tas975@example.com,Ankara,2024-11-29
976,Fatmanur Günes,fatmanur.günes976@example.com,Bursa,2025-01-08
977,Asli Ülgü,asli.ülgü977@example.com,Ankara,2025-08-29
978,Ceyhun Seker,ceyhun.seker978@example.com,KahramanMaraş,2026-02-25
979,Ceyhun Uslu,ceyhun.uslu979@example.com,KahramanMaraş,2025-04-17
980,Fatih Ayhan,fatih.ayhan980@example.com,Bursa,2026-03-27
981,Halim Eren,halim.eren981@example.com,Istanbul,2026-04-18
982,Selin Tas,selin.tas982@example.com,Bursa,2025-11-20
983,Elif Seker,elif.seker983@example.com,KahramanMaraş,2024-11-06
984,Doğan Günes,doğan.günes984@example.com,KahramanMaraş,2024-06-06
985,Fatih Sager,fatih.sager985@example.com,Bursa,2024-03-16
986,Elif Ülgü,,Bursa,2025-08-19
987,Fatmanur Efe,fatmanur.efe987@example.com,Antalya,2026-08-03
988,Berk Eren,berk.eren988@example.com,Bursa,2025-07-10
989,Emir Tas,emir.tas989@example.com,Izmir,2025-12-19
990,Berk Tas,berk.tas990@example.com,Antalya,2025-08-31
991,Ayse Taş,ayse.taş991@example.com,Istanbul,2026-02-26
992,Doğan Arpacik,doğan.arpacik992@example.com,KahramanMaraş,2024-12-29
993,Emre Arpacik,emre.arpacik993@example.com,Antalya,2024-02-15
994,Emirhan Arpacik,emirhan.arpacik994@example.com,KahramanMaraş,2025-10-24
995,Fatmanur Tas,fatmanur.tas995@example.com,Izmir,2026-03-26
996,Fatmanur Taş,fatmanur.taş996@example.com,Istanbul,2024-04-10
997,Halim Ayhan,halim.ayhan997@example.com,Antalya,2026-02-03
998,Ceyhun Efe,ceyhun.efe998@example.com,Antalya,2025-12-05
999,Emirhan Ayhan,emirhan.ayhan999@example.com,Bursa,2025-01-18
1000,Fatmanur Çakar,fatmanur.çakar1000@example.com,KahramanMaraş,2025-08-25
